subreddit	network_type	clustering_coefficient
StarWarsEU	yearly	0.00421586979405
Poetry	yearly	0.00536536887429
uglyduckling	yearly	0.00723365939655
everymanshouldknow	yearly	0.0131230721517
relationships	yearly	0.00854093564918
paris	yearly	0.00363484275397
Honda	yearly	0.00594067232672
unixporn	yearly	0.00576850487067
HistoryPorn	yearly	0.0134656639848
detroitlions	yearly	0.00571922338962
2007scape	yearly	0.00469573690894
teaching	yearly	0.00428028507861
mwo	yearly	0.00384976652187
fountainpens	yearly	0.00619391080251
pornID	yearly	0.00374071488581
geology	yearly	0.00580579043975
skyrimmods	yearly	0.00739561749092
moviescirclejerk	yearly	0.0039726201883
PandR	yearly	0.00934997176802
synthesizers	yearly	0.00491738667139
Stargate	yearly	0.00662402117302
Scrubs	yearly	0.00617350009892
Military	yearly	0.01014237768
magicskyfairy	yearly	0.0060912850084
Steam	yearly	0.0107960305606
AlienBlue	yearly	0.00848316346409
Pokemongiveaway	yearly	0.00361342719851
gonewildstories	yearly	0.00431607991963
askgaybros	yearly	0.00526776814912
SteamGameSwap	yearly	0.00595784533927
starcitizen	yearly	0.00731973052794
polyamory	yearly	0.0055086265663
spiders	yearly	0.0073625915652
BackYardChickens	yearly	0.00478715689186
totalwar	yearly	0.0068533101388
entp	yearly	0.00368579090317
electricians	yearly	0.00506295400508
AutoDetailing	yearly	0.0068588817277
MechanicAdvice	yearly	0.00816911710137
OneY	yearly	0.00810816750325
kratom	yearly	0.00377642102848
4x4	yearly	0.00562079631581
razer	yearly	0.00369486997635
LSD	yearly	0.00636827331882
deadmau5	yearly	0.00473497870839
Boise	yearly	0.00290717930776
bipolar	yearly	0.00499484271952
socialism	yearly	0.00915978436413
gamedev	yearly	0.00783109447302
chiliadmystery	yearly	0.00471739150451
disney	yearly	0.00762575145898
TeamRedditTeams	yearly	0.00267378466516
Beatmatch	yearly	0.00437121047898
TMNT	yearly	0.00500900175719
iOSProgramming	yearly	0.00405387885322
malelivingspace	yearly	0.00823208814107
lgbt	yearly	0.00877936657268
Ohio	yearly	0.0048790431166
braswap	yearly	0.00247755375123
WarshipPorn	yearly	0.00771977103487
leaves	yearly	0.00570429056381
piercing	yearly	0.00533142441913
Hair	yearly	0.00520455354444
learnart	yearly	0.00524459557144
AnimeSketch	yearly	0.00306997711778
Dexter	yearly	0.00704585920097
Health	yearly	0.0079323617154
Browns	yearly	0.00589022042006
ContagiousLaughter	yearly	0.0105777073909
cocaine	yearly	0.00367520084591
ffxiv	yearly	0.00503586828667
sanantonio	yearly	0.00498944167637
FiftyFifty	yearly	0.0116916722299
barstoolsports	yearly	0.00207073565358
stopdrinking	yearly	0.00582456772115
army	yearly	0.00568550713678
Drugs	yearly	0.00905678215248
TeenMFA	yearly	0.00361968720773
coins	yearly	0.00566679521672
bdsm	yearly	0.00500262298192
Dentistry	yearly	0.00506623343348
admincraft	yearly	0.00398447120674
arma	yearly	0.0062734779959
kohi	yearly	0.00132693457844
swtor	yearly	0.00554727278989
CallOfDuty	yearly	0.00581988021133
ftlgame	yearly	0.00736431624631
berlin	yearly	0.00363095550206
Shitty_Car_Mods	yearly	0.0113185279643
NeutralPolitics	yearly	0.00743516508439
ghettoglamourshots	yearly	0.00846040504689
tampa	yearly	0.00489321345932
EDC	yearly	0.0101177735382
hardwareswap	yearly	0.00670586599667
EDH	yearly	0.00482402585764
EDM	yearly	0.00655841704719
standupshots	yearly	0.0128710798037
haskell	yearly	0.00302768336691
Bravenewbies	yearly	0.00426305532856
StandUpComedy	yearly	0.00849109865874
punk	yearly	0.0069600948731
india	yearly	0.00573925827775
DecidingToBeBetter	yearly	0.00846253277353
kpics	yearly	0.003307515471
UofT	yearly	0.00263537513061
Tgirls	yearly	0.00330375557109
ploungeafterdark	yearly	0.00253923409284
AnnArbor	yearly	0.00348548123718
SRSsucks	yearly	0.00769984779825
HouseOfCards	yearly	0.00925103148234
travel	yearly	0.00958468900166
RealGirls	yearly	0.00977304712682
gats	yearly	0.00482884454634
911truth	yearly	0.00405601700706
ploompax	yearly	0.00362681860123
wallpapers	yearly	0.0114786098017
poker	yearly	0.00588360188774
MapPorn	yearly	0.0127390621416
Hammocks	yearly	0.00545926044896
nerdcubed	yearly	0.00482612879711
dogpictures	yearly	0.00780994008701
italy	yearly	0.00397564299631
law	yearly	0.00753250488437
Cuckold	yearly	0.00288915065713
CFB	yearly	0.00836389724942
FortWorth	yearly	0.00354930677956
ultimate	yearly	0.00331312743448
vfx	yearly	0.00373656852884
pantyselling	yearly	0.00215483793157
wine	yearly	0.00625469282431
EarthPorn	yearly	0.0103936333372
CityPorn	yearly	0.0100815626418
Bowling	yearly	0.00337660471304
zen	yearly	0.00537228539389
randomactsofamazon	yearly	0.0042470047869
russian	yearly	0.00395153510274
london	yearly	0.00702366935577
stencils	yearly	0.00464566751099
japan	yearly	0.0081655486764
MLPLounge	yearly	0.00663966386609
panthers	yearly	0.00526164703862
GlobalOffensive	yearly	0.00659912326886
BDSMGW	yearly	0.00344104390116
badlinguistics	yearly	0.00562186243807
cyanogenmod	yearly	0.00562093359528
writing	yearly	0.00944998180565
Screenwriting	yearly	0.00555701238446
skeptic	yearly	0.0118787014793
Rift	yearly	0.00395629276737
LeagueofLegendsMeta	yearly	0.00465399966543
Judaism	yearly	0.00574039094143
hockeyplayers	yearly	0.00412933187092
BDSMcommunity	yearly	0.00533010158776
IWantToLearn	yearly	0.0106702959827
Volvo	yearly	0.00438894827235
smoking	yearly	0.00596195252993
Braveryjerk	yearly	0.00668529069679
grammar	yearly	0.00610967385344
dvdcollection	yearly	0.00426668451036
shittyadviceanimals	yearly	0.00554867787214
mead	yearly	0.00433365784995
arrow	yearly	0.00762130667097
MCFC	yearly	0.00324415368872
Destiny	yearly	0.00394984455577
Rateme	yearly	0.00801185514801
Anarchism	yearly	0.00806063168852
dubstep	yearly	0.00678859288209
ChivalryGame	yearly	0.00442284555798
navy	yearly	0.00483083327945
USMC	yearly	0.0051754992206
Cinemagraphs	yearly	0.00979760982771
NewsOfTheWeird	yearly	0.00716080497387
Blowjobs	yearly	0.00439052997818
WoT	yearly	0.00470615027095
shittyfoodporn	yearly	0.0118958659804
Muse	yearly	0.00381426073197
medicine	yearly	0.00698083948597
tappedout	yearly	0.00523740206839
AFL	yearly	0.00387951892887
bestof	yearly	0.0139182163683
Metal	yearly	0.00875554534804
LadyBoners	yearly	0.00820129901728
knifeclub	yearly	0.00648463121782
Morrowind	yearly	0.00586453905312
dayz	yearly	0.00772124026434
CanadaPolitics	yearly	0.00567487407132
GoneWildCD	yearly	0.00207066840871
rocksmith	yearly	0.00530023446732
dogecoin	yearly	0.00928861142729
LawSchool	yearly	0.00473523505582
AskUK	yearly	0.00612933982058
ShinyPokemon	yearly	0.00407603231727
steroids	yearly	0.00446065039816
Luthier	yearly	0.00446806888825
nhl	yearly	0.00708180526973
Trophies	yearly	0.00297304341262
BitcoinMining	yearly	0.00441579391235
rant	yearly	0.00835944241145
Buddhism	yearly	0.00772172293842
thick	yearly	0.00590650598598
TheLastAirbender	yearly	0.00919186975928
longboarding	yearly	0.00655973664165
lego	yearly	0.0103404553483
ANormalDayInRussia	yearly	0.0112511015347
seduction	yearly	0.00874379512077
TheFacebookDelusion	yearly	0.00759996891899
Volkswagen	yearly	0.00635551106104
PenmanshipPorn	yearly	0.0103705238552
shittyadvice	yearly	0.00845195023883
dogs	yearly	0.00923397757164
asktransgender	yearly	0.00500833403587
ObscureMedia	yearly	0.00722849533536
CombatFootage	yearly	0.00965387953871
makinghiphop	yearly	0.00463260937763
collapse	yearly	0.00782314968078
Genealogy	yearly	0.00391322472984
Spiderman	yearly	0.00595373015953
mildlyinfuriating	yearly	0.0141194835317
dresdenfiles	yearly	0.00509365007739
SEO	yearly	0.00433748703752
weightlifting	yearly	0.00400519371203
Awwducational	yearly	0.0109522428738
BBW	yearly	0.00330554744359
Charleston	yearly	0.00322974313851
northernireland	yearly	0.00356173004105
BBQ	yearly	0.0067130411065
Cubers	yearly	0.00429749387545
POLITIC	yearly	0.00761362867346
worldpolitics	yearly	0.0115782558189
VictoriaBC	yearly	0.00348418706584
AmateurArchives	yearly	0.00428615260682
newzealand	yearly	0.00614995802923
PerfectTiming	yearly	0.0125118508894
MMORPG	yearly	0.00615454210353
hacking	yearly	0.0073889222176
KerbalSpaceProgram	yearly	0.00959637565926
TaylorSwift	yearly	0.00497556231558
gallifrey	yearly	0.00827224266697
NewSkaters	yearly	0.00351247841093
boston	yearly	0.00756886628416
ginger	yearly	0.00590505184867
leafs	yearly	0.00452390181249
hentai	yearly	0.00434347249995
GalaxyNote3	yearly	0.00440383479037
rpg_gamers	yearly	0.00651083906629
macgaming	yearly	0.00498413921674
LongDistance	yearly	0.00578359196585
Parenting	yearly	0.00881932147484
chess	yearly	0.00639426037132
TexasRangers	yearly	0.00349184940045
Gundam	yearly	0.00453670377893
translator	yearly	0.00533786146329
germany	yearly	0.00673946264152
EnoughLibertarianSpam	yearly	0.00735425418015
Gaming4Gamers	yearly	0.00840206627209
Minecraft	yearly	0.00984010389846
Scrolls	yearly	0.00266926127398
Velo	yearly	0.00341480818726
Texans	yearly	0.00510190399667
medical	yearly	0.0053742232842
androiddev	yearly	0.00597731562923
alternativeart	yearly	0.00772342772521
Borderlands2	yearly	0.00680818803251
WildStar	yearly	0.00548270744883
mtgcube	yearly	0.00217019523475
Heavymind	yearly	0.00880088802484
GWCouples	yearly	0.00416213711489
Hiphopcirclejerk	yearly	0.00472090108267
socialskills	yearly	0.00989963710071
graffhelp	yearly	0.00273492336553
Twitch	yearly	0.00587239068534
crossfit	yearly	0.00532161452611
Stance	yearly	0.00498160631801
minnesota	yearly	0.00594328250996
shittybattlestations	yearly	0.00822616599762
Torontobluejays	yearly	0.00421155942909
GrandTheftAutoV	yearly	0.0100786522842
sneakermarket	yearly	0.00317390755838
usenet	yearly	0.00493450272257
PublicFreakout	yearly	0.0112077795619
Anxiety	yearly	0.00793809826771
de	yearly	0.00475073370122
Bitcoin	yearly	0.00918801631113
geek	yearly	0.0133091737885
realdubstep	yearly	0.00397489154469
wedding	yearly	0.0047960635135
Swimming	yearly	0.00463737516926
AskGames	yearly	0.00564347901339
SkyrimPorn	yearly	0.00475084790395
HuntsvilleAlabama	yearly	0.00288933924663
hardstyle	yearly	0.0035758985951
Monstercat	yearly	0.00445064863501
architecture	yearly	0.00670151262176
ems	yearly	0.00511766859845
playstation	yearly	0.00595851101444
EngineeringStudents	yearly	0.00694483160878
Christianity	yearly	0.00950078489382
RotMG	yearly	0.00267138152115
AskScienceDiscussion	yearly	0.00600163921481
DMT	yearly	0.00396518305501
changemyview	yearly	0.0125867266131
PS3	yearly	0.00908971143973
Android	yearly	0.0116785443911
taiwan	yearly	0.00352948454254
PS4	yearly	0.00870108570159
firstworldanarchists	yearly	0.0135882147179
Dodgers	yearly	0.00509229277445
comiccodes	yearly	0.00172012769172
trapmuzik	yearly	0.00409593560327
lotr	yearly	0.00939477447683
Braves	yearly	0.00444848544876
wikipedia	yearly	0.0103122291414
pcmasterrace	yearly	0.0104711438419
greenday	yearly	0.00312179607733
spaceengineers	yearly	0.00577217375698
AskFeminists	yearly	0.00511292823996
LetsNotMeet	yearly	0.00718879473878
casualiama	yearly	0.011802841108
stunfisk	yearly	0.00398784225722
mazda	yearly	0.00475532321772
GameDealsMeta	yearly	0.00424963123541
AskElectronics	yearly	0.00627478011038
grandrapids	yearly	0.00350059870491
chicagobulls	yearly	0.00491048883076
scuba	yearly	0.00529771692778
WouldYouRather	yearly	0.00849948466069
guitarpedals	yearly	0.00511107737911
ukpolitics	yearly	0.00654322969346
AppHookup	yearly	0.00609641379787
StockMarket	yearly	0.00440847243317
formula1	yearly	0.00795838866504
ProtectAndServe	yearly	0.00992897090003
doctorwho	yearly	0.0105214585966
BPD	yearly	0.00372929842222
chrome	yearly	0.0082987658443
Gunners	yearly	0.00527563491569
beer	yearly	0.0099740225677
ak47	yearly	0.0041756049953
goodyearwelt	yearly	0.00419850727262
canucks	yearly	0.00435125329296
fatlogic	yearly	0.0117403034865
NUFC	yearly	0.00243449514067
CarAV	yearly	0.00558317155322
teenagers	yearly	0.00964692187063
oddlysatisfying	yearly	0.0137598310561
WritingPrompts	yearly	0.00884896348194
r4r	yearly	0.00646909081552
aviation	yearly	0.00900023576007
darksouls	yearly	0.00746155588021
glutenfree	yearly	0.00478346652715
rutgers	yearly	0.00371955994831
DotA2	yearly	0.00599278042992
Cleveland	yearly	0.0046983976363
OnePiece	yearly	0.00547230197648
windowsphone	yearly	0.00693049752874
mexico	yearly	0.00504799357398
sushi	yearly	0.00583635558873
FanTheories	yearly	0.011095164708
Libraries	yearly	0.00352462137554
gamecollecting	yearly	0.00764648123598
PhotoshopRequest	yearly	0.00544499124108
ShitRedditSays	yearly	0.00738849579877
drunkvapes	yearly	0.00378513036972
YGOBinders	yearly	0.00161521481413
Python	yearly	0.00649216186278
pitbulls	yearly	0.00640146836288
GoneMild	yearly	0.00523139706839
bicycletouring	yearly	0.0046885067067
talesfromtechsupport	yearly	0.0121945080535
diablo3	yearly	0.00627089701998
PostHardcore	yearly	0.00557313923713
playrust	yearly	0.00637107380131
TwinCities	yearly	0.00469685663033
thesims	yearly	0.00709095714369
NewsOfTheStupid	yearly	0.00841940304572
fireemblem	yearly	0.00481141386148
preppers	yearly	0.00653896689516
sixwordstories	yearly	0.00708598412027
bikewrench	yearly	0.00483323337718
Portland	yearly	0.00752245534103
Audi	yearly	0.00513217701222
Sonsofanarchy	yearly	0.00717982031263
kpop	yearly	0.00458449126894
Helicopters	yearly	0.00389754411144
Cinema4D	yearly	0.00297864462522
QuotesPorn	yearly	0.0121249069278
rickandmorty	yearly	0.00961172197866
quotes	yearly	0.00845284846939
perfectloops	yearly	0.0107976958454
Pets	yearly	0.0072269701452
InternetIsBeautiful	yearly	0.0115125500161
ShitRConservativeSays	yearly	0.00469732464476
furry	yearly	0.00510069499809
pharmacy	yearly	0.00373189122403
Connecticut	yearly	0.00518092051194
DaftPunk	yearly	0.00719490692262
woahdude	yearly	0.0133336087656
esports	yearly	0.00348260480217
ketogains	yearly	0.0051246303781
footballmanagergames	yearly	0.00462914605101
twinks	yearly	0.00267493972897
caps	yearly	0.00367685428204
toosoon	yearly	0.0100081409245
amateurradio	yearly	0.00531154755869
DenverBroncos	yearly	0.00669483316391
Art	yearly	0.00918909450696
fitnesscirclejerk	yearly	0.00434022253195
orlando	yearly	0.00511882390369
xbox	yearly	0.0056367930343
Megaten	yearly	0.00418296204402
zombies	yearly	0.00804009428797
ArcherFX	yearly	0.0112296560455
gaymersgonewild	yearly	0.00280944766748
firefly	yearly	0.00990026437428
whatisthisthing	yearly	0.0127031371191
NetflixBestOf	yearly	0.0125053346081
NewYorkMets	yearly	0.00409020229299
SubredditDrama	yearly	0.0139735339061
malaysia	yearly	0.00331094264981
MarkMyWords	yearly	0.008514687018
radiohead	yearly	0.00562523626093
Djent	yearly	0.00416664136416
humor	yearly	0.0113336273232
mountandblade	yearly	0.00613109198323
AskNYC	yearly	0.00526861350761
ExpectationVsReality	yearly	0.0109984565874
NorthCarolina	yearly	0.00550507533672
Cubs	yearly	0.00434534858817
lifehacks	yearly	0.0135526250628
letsplay	yearly	0.00504248053765
SCP	yearly	0.00669594052401
sewing	yearly	0.0057370388702
marketing	yearly	0.0057255738558
OkCupid	yearly	0.00914115514711
PlantedTank	yearly	0.00520936233956
Frugal	yearly	0.0129167093348
promos	yearly	0.0112722385056
shittyaskscience	yearly	0.0118496510826
htpc	yearly	0.00491849535302
newtothenavy	yearly	0.00322963902288
wildhockey	yearly	0.00371955748121
BlackMetal	yearly	0.00374537728466
anime	yearly	0.008204057268
AnimalsBeingBros	yearly	0.011387657411
AskPhysics	yearly	0.00440999318752
Dallas	yearly	0.0064871594457
applehelp	yearly	0.00811582078779
ft86	yearly	0.0033040384492
miamidolphins	yearly	0.00480422865857
ADHD	yearly	0.00793688826041
Korean	yearly	0.00325711967508
PS2Cobalt	yearly	0.0018407340664
Argentinacirclejerk	yearly	0.00167348244476
gis	yearly	0.00355311730133
Bad_Cop_No_Donut	yearly	0.0121527126583
flying	yearly	0.00683852029606
nova	yearly	0.00533915738851
gif	yearly	0.0104656366233
Ubuntu	yearly	0.00772333717354
MLPCCG	yearly	0.00177721627245
Calligraphy	yearly	0.00521374705826
happy	yearly	0.00979323368156
Stacked	yearly	0.00468704272557
firstimpression	yearly	0.00774470567629
ChineseLanguage	yearly	0.004066706711
batman	yearly	0.0102060580993
occupywallstreet	yearly	0.00712268954381
trailerparkboys	yearly	0.00800166747361
snackexchange	yearly	0.00730742537787
bengals	yearly	0.00503287644806
rule34	yearly	0.00662459745968
lgg2	yearly	0.00461283986366
webcomics	yearly	0.00792455564988
BostonBruins	yearly	0.00513071247999
mindcrackcirclejerk	yearly	0.00263743990366
behindthegifs	yearly	0.0120195585409
BritishTV	yearly	0.00608130096412
TryingForABaby	yearly	0.00285809998366
SanJoseSharks	yearly	0.00430313822116
golang	yearly	0.00290483091256
webdev	yearly	0.00811555579589
ToolBand	yearly	0.00523615780032
eatsandwiches	yearly	0.00846810447125
excel	yearly	0.00647942529904
snakes	yearly	0.00571550048733
linguistics	yearly	0.00778585712421
saplings	yearly	0.00631124077154
phoenix	yearly	0.00520207357589
ClopClop	yearly	0.0030018945652
football	yearly	0.00506137075316
microgrowery	yearly	0.00575573762422
Amsterdam	yearly	0.00380262833445
fcbayern	yearly	0.00305779007546
comicbooks	yearly	0.0101699195588
allthingsprotoss	yearly	0.00322999769746
AirForce	yearly	0.00506617601182
guitarlessons	yearly	0.00558522363873
TF2fashionadvice	yearly	0.0035410012132
asheville	yearly	0.00336164598652
peloton	yearly	0.00387754994485
terriblefacebookmemes	yearly	0.00881663268965
PrettyGirls	yearly	0.0089190995359
gainit	yearly	0.00741750135445
OttawaSenators	yearly	0.00273500693773
climateskeptics	yearly	0.00393973114157
cincinnati	yearly	0.00491556821326
ABraThatFits	yearly	0.00465651679887
TheGirlSurvivalGuide	yearly	0.00595374557887
spelunky	yearly	0.00347980115417
milf	yearly	0.00675080143514
wiiu	yearly	0.00841265788923
skiing	yearly	0.00595542962371
freelance	yearly	0.00489844540346
editors	yearly	0.00410155642777
ronandfez	yearly	0.00301317546535
duolingo	yearly	0.0057824691391
environment	yearly	0.00948082314666
burlington	yearly	0.00259349162552
Redskins	yearly	0.00546107567998
Atlanta	yearly	0.00673532192303
NewOrleans	yearly	0.00474093304072
vegan	yearly	0.00730921711406
Jokes	yearly	0.0101198520586
vegas	yearly	0.00500891198934
WhiteRights	yearly	0.0044374400934
anonymous	yearly	0.00562253424499
litecoin	yearly	0.00567687113783
prisonarchitect	yearly	0.00581904963899
Celebs	yearly	0.0105506324356
australia	yearly	0.00918016083391
predaddit	yearly	0.00429149306122
fantasywriters	yearly	0.00442656020369
teslore	yearly	0.00543168950585
techsupport	yearly	0.0106274075058
baconreader	yearly	0.00472331504622
pcgaming	yearly	0.0109579318985
Cumberbitches	yearly	0.0038886375442
literature	yearly	0.00665129109396
DCcomics	yearly	0.00809030614552
fatpeoplestories	yearly	0.010886331291
Swingers	yearly	0.00283557225937
marchingband	yearly	0.00354291469911
Sissies	yearly	0.0021068566558
electronics	yearly	0.00707875965298
boardgames	yearly	0.00810897334941
InteriorDesign	yearly	0.00760063341029
Kayaking	yearly	0.00459001566381
Ford	yearly	0.00492523667914
Nexus5	yearly	0.00769198843727
StonerPhilosophy	yearly	0.00515700610012
Nexus7	yearly	0.00718849196218
marvelheroes	yearly	0.00347579837675
vexillology	yearly	0.00909355589453
ExposurePorn	yearly	0.00653349401527
OnceUponATime	yearly	0.00463240492436
AskTechnology	yearly	0.00511211420512
baseball	yearly	0.00944961385237
Random_Acts_Of_Pizza	yearly	0.00704783060018
Mustang	yearly	0.00572456596621
ThriftStoreHauls	yearly	0.00930476101451
Breadit	yearly	0.00653818139191
lakers	yearly	0.00485488979815
progmetal	yearly	0.00612174873517
MDMA	yearly	0.00469635142061
evangelion	yearly	0.00517700895237
Maine	yearly	0.00434280713275
montreal	yearly	0.00516873029119
whatsthisbug	yearly	0.00912086509065
yiff	yearly	0.00359253409179
hiking	yearly	0.00651003756673
beertrade	yearly	0.00360656229411
martialarts	yearly	0.00620428966525
AmIFreeToGo	yearly	0.00803831085257
AntiJokes	yearly	0.00740374024122
IdiotsFightingThings	yearly	0.0119293488226
FinalFantasy	yearly	0.00762694030134
chromeos	yearly	0.00619380094946
Multicopter	yearly	0.00611875208569
gonewildaudio	yearly	0.00362784183391
HIMYM	yearly	0.00916936144333
AskHistorians	yearly	0.0113346111497
OutOfTheLoop	yearly	0.0142281776585
france	yearly	0.00471520877793
Techno	yearly	0.00374643722069
ifyoulikeblank	yearly	0.00890433968817
misleadingthumbnails	yearly	0.0109155206544
discexchange	yearly	0.00180919964664
Eve	yearly	0.00696369970744
oregon	yearly	0.00510668652704
cordcutters	yearly	0.0109013908069
ladybonersgw	yearly	0.00453622522061
UFOs	yearly	0.00750675437925
baduk	yearly	0.0027685301694
piano	yearly	0.00592749365497
gameswap	yearly	0.00494132971294
judo	yearly	0.00320760403602
trackers	yearly	0.00687461968569
PolishGauntlet	yearly	0.00243049985446
alcoholism	yearly	0.00340549927739
Glitch_in_the_Matrix	yearly	0.00888584678521
WaltDisneyWorld	yearly	0.00442952094521
MMA	yearly	0.00833490216029
gamernews	yearly	0.0100376976664
nursing	yearly	0.00489913771046
audiophile	yearly	0.00846709309809
awesome	yearly	0.00894547714133
roguelikes	yearly	0.00520671525032
Pathfinder_RPG	yearly	0.00566070884721
arresteddevelopment	yearly	0.00922820104545
supremeclothing	yearly	0.00357673714404
counting	yearly	0.00685559998179
PersonalFinanceCanada	yearly	0.00421341499575
Pizza	yearly	0.00907039453818
asmr	yearly	0.00876012553206
PowerMetal	yearly	0.00413278848364
MURICA	yearly	0.0129595976013
TheNarutoWorld	yearly	0.00104978405808
NBA2k	yearly	0.00490983964367
vancouver	yearly	0.00610222541082
bikecommuting	yearly	0.00589705603221
RedditLaqueristas	yearly	0.00676675429636
spaceporn	yearly	0.0111472003371
nyc	yearly	0.00967363566978
economy	yearly	0.00743275284762
GameSale	yearly	0.00423418572415
triathlon	yearly	0.0034105094424
mac	yearly	0.0078728089586
GradSchool	yearly	0.00505726852587
gtaglitches	yearly	0.00485676442217
BitcoinMarkets	yearly	0.00555748804562
oculus	yearly	0.00893637047954
Toonami	yearly	0.00380769154967
drumcorps	yearly	0.00295927341165
futurebeats	yearly	0.00662512773598
eFreebies	yearly	0.007230940709
nl_Kripparrian	yearly	0.00318171913207
tall	yearly	0.00972235205286
ImGoingToHellForThis	yearly	0.0126703553636
manga	yearly	0.00613348238839
shield	yearly	0.00777355215753
Hunting	yearly	0.00659576703972
Guildwars2	yearly	0.00563720827702
washingtondc	yearly	0.00680035695722
PurplePillDebate	yearly	0.00497173957741
LucidDreaming	yearly	0.00823129820673
arduino	yearly	0.00669420541942
MAA	yearly	0.00178884935375
MMFB	yearly	0.00590793282445
AndroidQuestions	yearly	0.00952172956214
TinyTits	yearly	0.00547005852517
Bioshock	yearly	0.00753768311148
WorldofTanks	yearly	0.00555991660248
SoccerBetting	yearly	0.00259738232238
texas	yearly	0.00797115612347
MilitaryPorn	yearly	0.0105621858762
electronicmusic	yearly	0.00860680346295
childfree	yearly	0.0106944011978
Scotland	yearly	0.00752769737846
halo	yearly	0.00823959791136
occult	yearly	0.00573008538505
creepyPMs	yearly	0.0110294377365
asianamerican	yearly	0.00484198466214
penpals	yearly	0.00507106760673
crypto	yearly	0.00447799227352
Watches	yearly	0.00761363111876
AdviceAnimals	yearly	0.00935982313868
HogwartsRP	yearly	0.00128803047269
aspergers	yearly	0.00601756044065
TrueAtheism	yearly	0.0102178760717
badhistory	yearly	0.0091611095304
Archery	yearly	0.00562830636777
CryptoCurrency	yearly	0.00513916046499
malegrooming	yearly	0.00757975242166
canada	yearly	0.010308459184
SNSD	yearly	0.00311977107642
htcone	yearly	0.00605950243159
Michigan	yearly	0.00663976231157
ACTrade	yearly	0.00350029947867
Dreadlocks	yearly	0.00336392890078
malefashionadvice	yearly	0.0107160364253
penguins	yearly	0.0042700340048
MCPE	yearly	0.00327273207044
SimCity	yearly	0.00663589501464
AskAcademia	yearly	0.00511449048685
Bondage	yearly	0.0038674140121
StLouis	yearly	0.00615523720526
cars	yearly	0.0101583379305
kansascity	yearly	0.00518979257094
ontario	yearly	0.00566676123901
vinyl	yearly	0.0082589221118
freemasonry	yearly	0.00345202230116
longrange	yearly	0.0038503958464
youtubehaiku	yearly	0.0107537760026
simracing	yearly	0.00480105644568
headphones	yearly	0.00881784351645
programming	yearly	0.00966838732378
howtonotgiveafuck	yearly	0.00973897963556
raleigh	yearly	0.00395140803375
MakeupAddicts	yearly	0.00391455605187
whatstheword	yearly	0.00742719393591
Dachshund	yearly	0.00455918743105
xbmc	yearly	0.0054844561147
Adelaide	yearly	0.00331793751527
Brazil	yearly	0.00391297222175
spotted	yearly	0.00585631587132
tennis	yearly	0.00565198142206
typography	yearly	0.00624751368995
StarWars	yearly	0.0118614306308
pokemon	yearly	0.00883275474029
JRPG	yearly	0.00586955779521
granturismo	yearly	0.0041269579294
modelmakers	yearly	0.00408175146302
vaporents	yearly	0.00709964931286
MeanJokes	yearly	0.00663648625671
nutrition	yearly	0.00697698737331
Scholar	yearly	0.00348941728591
HVAC	yearly	0.00413466782754
3DS	yearly	0.0082957221492
ableton	yearly	0.00399037161688
Standup	yearly	0.00680206474884
nsfw_gifs	yearly	0.00710067249149
indieheads	yearly	0.00521711130449
VapePorn	yearly	0.00448178622162
learnpython	yearly	0.00618183399054
Battlefield	yearly	0.00724291784559
Colorado	yearly	0.00595903749853
sailing	yearly	0.00537062681992
TheRedPill	yearly	0.00866182520001
knives	yearly	0.00842982624975
russia	yearly	0.00645761288336
ShingekiNoKyojin	yearly	0.00685794815874
Blink182	yearly	0.00373190772905
FoodPorn	yearly	0.0115003501803
wifesharing	yearly	0.00357721324424
conspiracy	yearly	0.0125391192759
AnythingGoesNews	yearly	0.00737924998729
superman	yearly	0.00540960824614
Warframe	yearly	0.00507776891585
warriors	yearly	0.00373260475027
shortscarystories	yearly	0.00547404862135
animation	yearly	0.00571701290555
hookah	yearly	0.00554322930549
britishproblems	yearly	0.00939475202395
madisonwi	yearly	0.00441600434356
Futurology	yearly	0.0120356634846
MLS	yearly	0.00675203677314
INTP	yearly	0.00630484751527
crochet	yearly	0.00527355689037
dayzlfg	yearly	0.00325664126563
SVExchange	yearly	0.00256747681676
flyfishing	yearly	0.00371188668776
Accounting	yearly	0.00512698146355
talesfromcallcenters	yearly	0.00526777703797
fffffffuuuuuuuuuuuu	yearly	0.0114221950047
PleX	yearly	0.00625127168487
selfpublish	yearly	0.00342567579073
sgsflair	yearly	0.00433896984107
spacex	yearly	0.00635845718689
PuzzleAndDragons	yearly	0.00316601726574
TheoryOfReddit	yearly	0.00961796518743
Sacramento	yearly	0.00450315065975
short	yearly	0.00698242658414
booksuggestions	yearly	0.00772679566273
VinylCollectors	yearly	0.00378766313397
whowouldwin	yearly	0.0105479072462
hockey	yearly	0.00902040234578
AsianHotties	yearly	0.00527597935833
CoDCompetitive	yearly	0.00347350074683
MetalMemes	yearly	0.00638996679951
nononono	yearly	0.0129293570601
thinkpad	yearly	0.00397797855017
beatles	yearly	0.00599153299753
Kappa	yearly	0.00434705096328
Random_Acts_Of_Amazon	yearly	0.00790358260984
mormon	yearly	0.00313176020699
xxketo	yearly	0.00427611704846
KerbalAcademy	yearly	0.00447653906381
lostgeneration	yearly	0.00868671458155
AllThingsTerran	yearly	0.00350015812411
elderscrollsonline	yearly	0.00653878688308
homestead	yearly	0.00695322736766
Netrunner	yearly	0.00299308917525
HongKong	yearly	0.00445928931347
WeAreTheMusicMakers	yearly	0.0084941631334
pornvids	yearly	0.0043708241761
nsfw	yearly	0.00984655084759
truetf2	yearly	0.00452935524043
asatru	yearly	0.0032191991186
AskWomen	yearly	0.0100165491976
TheSimpsons	yearly	0.0104294151424
Entrepreneur	yearly	0.00854120747373
cocktails	yearly	0.00605474954472
osugame	yearly	0.00315745552426
college	yearly	0.00709229097678
entwives	yearly	0.00398530254291
pebble	yearly	0.00605659822076
KarmaCourt	yearly	0.00675759103382
vita	yearly	0.0071551634212
camping	yearly	0.00763245460158
whiskey	yearly	0.00588022084225
breakingbad	yearly	0.0114626900042
CompanyOfHeroes	yearly	0.00330829443625
outside	yearly	0.0118559163139
longisland	yearly	0.00449954904647
jobs	yearly	0.00940718810399
cscareerquestions	yearly	0.00685123681968
Diablo3Monks	yearly	0.00372791255326
giftcardexchange	yearly	0.00387693305447
gamingsuggestions	yearly	0.00775784339629
RedditDayOf	yearly	0.00922173286291
fitmeals	yearly	0.00784036884325
3dsFCswap	yearly	0.00235626937007
relationship_advice	yearly	0.0078408858015
BustyPetite	yearly	0.00814978666099
WWE	yearly	0.00534750019137
itookapicture	yearly	0.010487886633
GunPorn	yearly	0.0076780381813
GetMotivated	yearly	0.0109346433576
pakistan	yearly	0.00301526025639
bikesgonewild	yearly	0.00596696056636
cancer	yearly	0.003847696273
Divorce	yearly	0.00375206535239
Delaware	yearly	0.00341920898128
reactiongifs	yearly	0.0133199923891
Wordpress	yearly	0.00537694955494
Cardinals	yearly	0.00471277124385
mtgfinance	yearly	0.00359870539007
Bonsai	yearly	0.00466378364756
Heroclix	yearly	0.00220131950608
cycling	yearly	0.00577485151111
thelastofusfactions	yearly	0.00355671531388
RandomActsOfPizza	yearly	0.00611545261759
snes	yearly	0.00513106190739
confessions	yearly	0.00673620488929
HunterXHunter	yearly	0.00401158398363
MakeupAddiction	yearly	0.00715258778808
androidapps	yearly	0.0088298534543
marvelstudios	yearly	0.00735021396328
somethingimade	yearly	0.010408639197
emulation	yearly	0.00659496577639
bmx	yearly	0.00355797607263
Scotch	yearly	0.00719366716054
ABDL	yearly	0.00233608693812
GiveMeTheVirus	yearly	0.00143335723556
KingkillerChronicle	yearly	0.0046112607748
Shave_Bazaar	yearly	0.00332890832394
blackladies	yearly	0.0045321132859
Perfectfit	yearly	0.00967366583347
offbeat	yearly	0.0138779671326
Musicthemetime	yearly	0.00339080707221
titanfall	yearly	0.00789793968895
LGBTeens	yearly	0.0040925629795
latterdaysaints	yearly	0.00397494374264
ICanDrawThat	yearly	0.00691689086581
GNV	yearly	0.0028031850697
Cooking	yearly	0.0114904714518
IASIP	yearly	0.00935087101204
DIY	yearly	0.0111423576432
assassinscreed	yearly	0.00760775022843
technology	yearly	0.0122034360638
cheatatmathhomework	yearly	0.00481919257605
Israel	yearly	0.00679848683968
Jazz	yearly	0.00631095391513
pokemonzetaomicron	yearly	0.00497101149741
touhou	yearly	0.00320113088625
daddit	yearly	0.0086026788361
watchpeopledie	yearly	0.0105562794329
tolkienfans	yearly	0.00577367777762
singapore	yearly	0.00383011223847
Rowing	yearly	0.00329047806657
Toyota	yearly	0.00445577763694
DebateAChristian	yearly	0.00636956792273
linux_gaming	yearly	0.00631431188011
climbing	yearly	0.0062145640582
Physics	yearly	0.008648893964
PipeTobacco	yearly	0.00515569042858
traps	yearly	0.00357627613065
TrueFilm	yearly	0.00769916769352
dfsports	yearly	0.00300235285367
TimAndEric	yearly	0.00612932151704
gtavcustoms	yearly	0.00425391343108
Graffiti	yearly	0.00681060581718
AskEngineers	yearly	0.00780047883593
ukulele	yearly	0.0044614020906
starbucks	yearly	0.00475142537667
awwwtf	yearly	0.00941141596576
Barca	yearly	0.00370943117802
brisbane	yearly	0.00438139973321
Boxing	yearly	0.00610486833945
rupaulsdragrace	yearly	0.00416543411783
Conservative	yearly	0.00970993492598
dadjokes	yearly	0.0116173016837
woodworking	yearly	0.00949551682436
GTAV	yearly	0.00791046484412
Greyhounds	yearly	0.00296264313664
Miata	yearly	0.00494775795008
MillerPlanetside	yearly	0.00169101949405
UIUC	yearly	0.00334117153639
Advice	yearly	0.00769534001784
linuxadmin	yearly	0.00451526182302
LearnJapanese	yearly	0.00580067771808
fairytail	yearly	0.00378969783102
perth	yearly	0.00383681219375
offmychest	yearly	0.0108939787522
robotics	yearly	0.00557785468873
RandomActsOfPolish	yearly	0.00339622416383
Attackontitangame	yearly	0.00237843358073
altgonewild	yearly	0.00468908947214
Dualsport	yearly	0.00395144502421
Shadowrun	yearly	0.00380357816985
SmiteLFM	yearly	0.00154301547151
Liberal	yearly	0.00728302915082
bodyweightfitness	yearly	0.00843503742027
Colts	yearly	0.00503798112642
oblivion	yearly	0.0058537396905
compsci	yearly	0.00727413852199
montageparodies	yearly	0.00861356687696
malefashion	yearly	0.00506256722535
HPMOR	yearly	0.00375764792081
ShouldIbuythisgame	yearly	0.00886663987982
cowboys	yearly	0.00584318047335
Berserk	yearly	0.00345353609719
gameofthrones	yearly	0.0114294562393
Trucks	yearly	0.00594129758115
Wicca	yearly	0.00334650514467
BeautyBoxes	yearly	0.00351171630177
glassheads	yearly	0.00472133076491
metalgearsolid	yearly	0.00685526156446
transformers	yearly	0.00442230312825
business	yearly	0.0088644138881
FloridaMan	yearly	0.0120887204563
whitepeoplegifs	yearly	0.0101313333789
Cynicalbrit	yearly	0.00756704211328
JonTron	yearly	0.00608297262792
drums	yearly	0.00630542859839
whatsthisplant	yearly	0.0067075205782
custommagic	yearly	0.00357774780235
MvC3	yearly	0.002861719734
GoneWildPlus	yearly	0.00399254109426
dontstarve	yearly	0.00504956409589
wheredidthesodago	yearly	0.0132965921351
classic4chan	yearly	0.0098331150932
NSFWFunny	yearly	0.00784753117354
Gunpla	yearly	0.00397358546648
puppy101	yearly	0.00379020219912
linuxquestions	yearly	0.00613708307419
bjj	yearly	0.00545965461533
snapchat	yearly	0.00361166944911
marijuanaenthusiasts	yearly	0.00749838395375
TrollXChromosomes	yearly	0.011558286606
homestuck	yearly	0.00445651026507
mcservers	yearly	0.00435480873622
DnD	yearly	0.00850382503297
DnB	yearly	0.00558005809962
philadelphia	yearly	0.00669008900153
cats	yearly	0.0107875592002
emacs	yearly	0.00270019733842
raisedbynarcissists	yearly	0.00849195869534
tf2	yearly	0.00829430287205
cablefail	yearly	0.00668687700145
explainlikeIAmA	yearly	0.00998681651181
gamegrumps	yearly	0.0070335323599
ketorecipes	yearly	0.00750138127244
beerporn	yearly	0.00672823956686
bindingofisaac	yearly	0.00574628478194
Thailand	yearly	0.00419402314283
rugbyunion	yearly	0.00539416705715
shittyaskreddit	yearly	0.00694090348899
ecigclassifieds	yearly	0.00497108086264
videography	yearly	0.00462458187779
rage	yearly	0.0137049738879
comics	yearly	0.0131524160321
House	yearly	0.00440293331634
xmen	yearly	0.00589285414222
asexuality	yearly	0.0034469589717
rust	yearly	0.00276148951797
fullmoviesonyoutube	yearly	0.0117277018681
rva	yearly	0.00469890950667
youtube	yearly	0.00751699177869
arabs	yearly	0.00433884976914
FL_Studio	yearly	0.00375047231454
ottawa	yearly	0.00501659647268
politics	yearly	0.0122609419702
Veterans	yearly	0.00474677858394
ForeverAlone	yearly	0.00831816008791
yoga	yearly	0.00603264213132
bicycling	yearly	0.0103415426001
Survival	yearly	0.00825204146579
shittyama	yearly	0.00801240921061
zelda	yearly	0.00896640314486
OrthodoxChristianity	yearly	0.00246814767109
Feminism	yearly	0.00795517591672
ScotchSwap	yearly	0.00197463422487
Frugal_Jerk	yearly	0.00845160605329
GalaxyS3	yearly	0.00492579910985
Omaha	yearly	0.00387555539489
ColoradoAvalanche	yearly	0.00357231083108
dawngate	yearly	0.00330036446374
psychology	yearly	0.00956686928199
Thetruthishere	yearly	0.00523460467493
cosplaygirls	yearly	0.00924974049475
AdoptMyVillager	yearly	0.0025887412501
feedthebeast	yearly	0.00537477034852
Kikpals	yearly	0.00312412538493
curvy	yearly	0.0061225313627
minecraftsuggestions	yearly	0.00436475570714
AsianBeauty	yearly	0.00341448619823
livesound	yearly	0.00380349413642
learndota2	yearly	0.00442996990234
AndroidGaming	yearly	0.00856591573926
shrooms	yearly	0.00542831834822
KitchenConfidential	yearly	0.00802199637305
goldenretrievers	yearly	0.00465871285815
SampleSize	yearly	0.00697663408775
Transmogrification	yearly	0.00429990190811
askphilosophy	yearly	0.00654833903922
financialindependence	yearly	0.00693627882615
Miniswap	yearly	0.00226360993049
Cricket	yearly	0.00480391738467
SourceFed	yearly	0.0043094156448
Habs	yearly	0.00436539451241
LearnUselessTalents	yearly	0.0115804436821
swoleacceptance	yearly	0.00685895260636
MaddenUltimateTeam	yearly	0.00293812698255
ImaginaryMonsters	yearly	0.00835946288247
webhosting	yearly	0.00425147530418
nyjets	yearly	0.00511217411914
InfertilityBabies	yearly	0.00168382667871
YouShouldKnow	yearly	0.0140373492898
Jeep	yearly	0.00678021031196
horror	yearly	0.00819646274332
progrockmusic	yearly	0.00451782129021
bleach	yearly	0.00494243558094
DJs	yearly	0.00563911919333
Pegging	yearly	0.00307064675251
DarkSouls2	yearly	0.00644421919202
yugioh	yearly	0.00444509754782
anal	yearly	0.00407954520559
LetsTalkMusic	yearly	0.00663684287271
tea	yearly	0.00827564717573
Denver	yearly	0.00644741659908
Chargers	yearly	0.00525643244802
rapbattles	yearly	0.00258690456216
AmISexy	yearly	0.00697596757706
nba	yearly	0.00851511038626
fantasyfootball	yearly	0.0070391309851
cigars	yearly	0.00647480900355
forwardsfromgrandma	yearly	0.0117257396575
frugalmalefashion	yearly	0.00870143027626
investing	yearly	0.00890886797526
AskPhotography	yearly	0.00422546544638
Anticonsumption	yearly	0.00721404989442
powerrangers	yearly	0.0038554580308
GuessTheMovie	yearly	0.00647433168168
guns	yearly	0.0103913600004
tattoos	yearly	0.00992048865968
iran	yearly	0.0037459551349
hcfactions	yearly	0.00224079078358
needamod	yearly	0.00704517256833
Finland	yearly	0.0042564765359
legaladvice	yearly	0.00918002881302
answers	yearly	0.0107637543201
Ebay	yearly	0.00578853208998
Supplements	yearly	0.00530421551504
berkeley	yearly	0.00368053322176
ainbow	yearly	0.00812334762052
TopGear	yearly	0.0108575867646
sanfrancisco	yearly	0.00740051440213
vegetarian	yearly	0.0070517657128
cripplingalcoholism	yearly	0.00652463035034
advertising	yearly	0.00496272727285
IWantOut	yearly	0.00834220192434
HalfLife	yearly	0.00670166483266
shanghai	yearly	0.0026106161201
Yogscast	yearly	0.00533674350273
jailbreak	yearly	0.00690563122095
vim	yearly	0.00420220867555
Louisville	yearly	0.00422629065379
Showerthoughts	yearly	0.010799193648
Eminem	yearly	0.0052785992646
Columbus	yearly	0.00488081627378
WebGames	yearly	0.00803384702838
musictheory	yearly	0.00569759713439
battlefield_4	yearly	0.00860716895232
pkmntcgtrades	yearly	0.00216067586036
Philippines	yearly	0.00401626659424
galaxys4	yearly	0.00531885894835
namenerds	yearly	0.00373678626518
KillLaKill	yearly	0.0059256551992
showerbeer	yearly	0.00807935679527
firstworldproblems	yearly	0.0121732525791
Meditation	yearly	0.0079978055084
Denton	yearly	0.00288292440396
gamemaker	yearly	0.00300747395193
AskScienceFiction	yearly	0.0103538964503
Glocks	yearly	0.0047973551463
Infographics	yearly	0.00837175260054
Throwers	yearly	0.00243082085795
CampingandHiking	yearly	0.00868259283344
hardbodies	yearly	0.00783070230736
techsupportmacgyver	yearly	0.0101883590279
backpacking	yearly	0.0070485336145
Hotchickswithtattoos	yearly	0.00657916678673
scifi	yearly	0.0119475612443
starcraft	yearly	0.00709013096221
Dreams	yearly	0.00557266013917
awwnime	yearly	0.00531948078829
Chattanooga	yearly	0.00329079840264
blackops2	yearly	0.00490274019129
discgolf	yearly	0.00573287087979
budgetfood	yearly	0.00835665739483
oaklandraiders	yearly	0.00517489085175
comicbookmovies	yearly	0.00631119266881
uwaterloo	yearly	0.00274752949938
MachinePorn	yearly	0.00903826949749
GaybrosGoneWild	yearly	0.00328529331248
Shitstatistssay	yearly	0.00606198923349
crafts	yearly	0.0060793706824
streetwear	yearly	0.00610541095685
DataHoarder	yearly	0.00537656354979
Nerf	yearly	0.00438793084316
photoshop	yearly	0.00626586115102
help	yearly	0.00676997473312
softwareswap	yearly	0.00525347470526
DoesAnybodyElse	yearly	0.0115859117978
pettyrevenge	yearly	0.0124278065773
malehairadvice	yearly	0.0086994036631
SF4	yearly	0.00458476758357
DeepIntoYouTube	yearly	0.0105339780924
csharp	yearly	0.00443797049353
DIY_eJuice	yearly	0.00460333430848
milwaukee	yearly	0.00399807689721
islam	yearly	0.00724320273249
YGOSales	yearly	0.00194931496055
summonerschool	yearly	0.00567958561653
computers	yearly	0.0060450275191
BigBoobsGW	yearly	0.00416681654276
Documentaries	yearly	0.0105415828859
StonerEngineering	yearly	0.00732215088107
gamedesign	yearly	0.00462131604803
TrueChristian	yearly	0.00482037363607
argentina	yearly	0.00345928984535
soccer	yearly	0.00884642175462
askseddit	yearly	0.00554274646
TheRedLion	yearly	0.00378995645251
Frisson	yearly	0.010649002965
GunsAreCool	yearly	0.0064258443917
90daysgoal	yearly	0.00251002467155
shittydarksouls	yearly	0.00325795388675
gmod	yearly	0.00441335818598
NoStupidQuestions	yearly	0.0121965182867
VideoEditing	yearly	0.00497360903773
makeupexchange	yearly	0.00339960827705
WatchItForThePlot	yearly	0.0106474075821
freebies	yearly	0.0115914579068
radiocontrol	yearly	0.00535522273783
gamemusic	yearly	0.00685067373762
energy	yearly	0.00750550545252
Saints	yearly	0.00524501780847
MST3K	yearly	0.00557217729696
TwoXChromosomes	yearly	0.00894797640733
DunderMifflin	yearly	0.00883959811503
alcohol	yearly	0.00606471701238
demonssouls	yearly	0.00337083688519
acting	yearly	0.00409324106605
leagueoflegends	yearly	0.00474021462793
randomsexiness	yearly	0.00604169176084
Astronomy	yearly	0.00968367353346
ftm	yearly	0.00277981941363
CatsStandingUp	yearly	0.00642813102646
ass	yearly	0.00721150965428
wisconsin	yearly	0.00551191624083
hackintosh	yearly	0.00491801984644
ECE	yearly	0.00491257089869
Tucson	yearly	0.0035593052017
Roadcam	yearly	0.00902060774239
TributeMe	yearly	0.00236527593309
PoliticalHumor	yearly	0.00888158904583
TalesFromThePizzaGuy	yearly	0.00791669911776
running	yearly	0.00876653350793
ar15	yearly	0.00634426147259
belgium	yearly	0.00425319446186
snowboarding	yearly	0.00656893021109
NYKnicks	yearly	0.0040122384143
Whatisthis	yearly	0.00692864371475
hawks	yearly	0.00507847513998
gamingpc	yearly	0.00759613445139
churning	yearly	0.00498968052705
sydney	yearly	0.00536745966466
misc	yearly	0.00855515492247
patientgamers	yearly	0.0110012305262
feet	yearly	0.00397634519535
conspiratard	yearly	0.0118276743478
GreenBayPackers	yearly	0.00667235973558
cade	yearly	0.00477351518233
gtaonline	yearly	0.00624250627653
Tribes	yearly	0.00331750860178
freedonuts	yearly	0.00297544307516
projectcar	yearly	0.00522930944583
OldSchoolCool	yearly	0.0109265531684
OpiatesRecovery	yearly	0.00324521763287
onetruegod	yearly	0.00813414985217
rails	yearly	0.00324718780029
Autos	yearly	0.00963852254356
shittyreactiongifs	yearly	0.00935312086831
Everton	yearly	0.00296280872457
aves	yearly	0.00533174240464
SuggestALaptop	yearly	0.00762319058136
GTA	yearly	0.00740577730395
TrollYChromosome	yearly	0.0106287212492
Metroid	yearly	0.00490917616731
DaystromInstitute	yearly	0.00733533550541
GODZILLA	yearly	0.00651207199025
mylittlepony	yearly	0.00721604427199
DumpsterDiving	yearly	0.00625687144306
madmen	yearly	0.00756452245783
Plumbing	yearly	0.00456537554945
dogemarket	yearly	0.00626405130591
vintageaudio	yearly	0.0039337398449
SelfDrivingCars	yearly	0.00636995837745
sto	yearly	0.00394020249772
Coilporn	yearly	0.00474815471089
kindle	yearly	0.00635236733749
iOSthemes	yearly	0.00506783798721
XWingTMG	yearly	0.0028012405608
COents	yearly	0.00380498153315
TalesFromYourServer	yearly	0.00879880676866
HighQualityGifs	yearly	0.0107109104151
Aleague	yearly	0.002848681477
Iceland	yearly	0.00366371477178
self	yearly	0.0124277013334
HomeworkHelp	yearly	0.00614358379339
StarcraftCirclejerk	yearly	0.00280324887545
vmware	yearly	0.00384823851441
BeardPorn	yearly	0.00517927813501
paydaytheheist	yearly	0.0067882857685
MovieSuggestions	yearly	0.00694721819556
Fibromyalgia	yearly	0.00267658878572
ActionFigures	yearly	0.00395767918477
Hawaii	yearly	0.00488265411793
pittsburgh	yearly	0.00533019885258
realmadrid	yearly	0.00356522208253
progresspics	yearly	0.00977649789603
statistics	yearly	0.00450766073266
beyondthebump	yearly	0.00412936773168
RBA	yearly	0.00496230059293
askdrugs	yearly	0.00455748674461
jakeandamir	yearly	0.00391196389041
newjersey	yearly	0.00730875735552
Silverbugs	yearly	0.00504313400539
TumblrInAction	yearly	0.0130555437898
Fishing	yearly	0.00730284735596
microsoft	yearly	0.00638104731386
golf	yearly	0.00668416437776
Psychonaut	yearly	0.00850926836212
adventuretime	yearly	0.00965358027139
PanicHistory	yearly	0.00620476372966
guineapigs	yearly	0.00367053227987
counterstrike	yearly	0.00568252668767
bodybuilding	yearly	0.00792888563586
Foodforthought	yearly	0.0110036777761
blender	yearly	0.00570144587928
languagelearning	yearly	0.00729355537017
Bass	yearly	0.00664983976606
airsoft	yearly	0.0059859236042
printSF	yearly	0.00648062490362
French	yearly	0.00576388677093
harrypotter	yearly	0.0101301360862
wicked_edge	yearly	0.00943400401183
DetroitRedWings	yearly	0.00502075038589
boulder	yearly	0.00402574991853
toronto	yearly	0.00795138637786
Magic	yearly	0.00405757652445
CrusaderKings	yearly	0.00656016322353
trees	yearly	0.00909810655919
clothdiaps	yearly	0.00254101342516
PrettyGirlsUglyFaces	yearly	0.00796369127486
overclocking	yearly	0.00494437443409
AbandonedPorn	yearly	0.0124033494631
spikes	yearly	0.00401094525159
Rabbits	yearly	0.00572200152179
motorcycles	yearly	0.00947528248604
progressive	yearly	0.00827283493896
postrock	yearly	0.00493264380567
progun	yearly	0.00727305787324
Marijuana	yearly	0.00736683673097
Minneapolis	yearly	0.00480548297398
croatia	yearly	0.00264701785379
ClashOfClans	yearly	0.00644403078165
corgi	yearly	0.00755656512529
PHP	yearly	0.00515218210502
cringe	yearly	0.0126448582787
airsoftmarket	yearly	0.0028590376535
bakchodi	yearly	0.00244469539982
Rochester	yearly	0.00408318065538
CalgaryFlames	yearly	0.00283727893639
devils	yearly	0.00388930638252
sex	yearly	0.00990721913298
SanJose	yearly	0.00431380772578
see	yearly	0.00765465657841
friendsafari	yearly	0.00219178550984
sips	yearly	0.00440494562698
Vaping101	yearly	0.0043519599786
HeroesofNewerth	yearly	0.00351957950671
analog	yearly	0.00493825767357
rawdenim	yearly	0.00565620966929
cosplay	yearly	0.00911059408356
AmericanHorrorStory	yearly	0.00695458885322
foodhacks	yearly	0.00960316551275
Anarchy101	yearly	0.00381942355358
RWBY	yearly	0.00443152682591
steelers	yearly	0.00539871874706
AsianLadyboners	yearly	0.00261232155673
iosgaming	yearly	0.00609423585953
latin	yearly	0.00370464567459
flightsim	yearly	0.00487351976501
PixelArt	yearly	0.00591337191614
transtimelines	yearly	0.00427601327982
javascript	yearly	0.00570143784624
celebnsfw	yearly	0.00764321025263
NASCAR	yearly	0.00696493715377
fakeid	yearly	0.00270124540684
newhampshire	yearly	0.00445374864771
Unexpected	yearly	0.0140873557293
saskatoon	yearly	0.00263040536393
Sherlock	yearly	0.00864275401273
baltimore	yearly	0.00554613216703
drunk	yearly	0.0109249153968
xxfitness	yearly	0.00587610851208
community	yearly	0.0105893986308
BBWGW	yearly	0.00272470875977
linux	yearly	0.00943092700701
femalefashionadvice	yearly	0.00613709179162
java	yearly	0.00549225620855
PotterPlayRP	yearly	0.00171119467567
bostonceltics	yearly	0.00405147370164
Guitar	yearly	0.00866885732582
southafrica	yearly	0.00334220500199
California	yearly	0.00773357219218
ireland	yearly	0.00686928654403
peacecorps	yearly	0.0021220233221
web_design	yearly	0.00876167311063
orioles	yearly	0.00488747855706
EA_NHL	yearly	0.00448779642427
gay	yearly	0.00514095941895
mturk	yearly	0.00440285603315
germanshepherds	yearly	0.00472406917622
curlyhair	yearly	0.00513766673679
thelastofus	yearly	0.00627992773911
forza	yearly	0.00527837391447
buildapcforme	yearly	0.0066764472994
sandiego	yearly	0.0064055583082
Chromecast	yearly	0.00848432489454
Flipping	yearly	0.00695839591166
metacanada	yearly	0.00403772812338
ultrahardcore	yearly	0.00249967264492
MtF	yearly	0.00302034954715
OnOff	yearly	0.00737462780309
C25K	yearly	0.00616181741567
portugal	yearly	0.00315615540226
rit	yearly	0.0030537698617
Filmmakers	yearly	0.00731183763302
RandomActsOfBlowJob	yearly	0.00375724320028
southpark	yearly	0.0113878780118
astrophotography	yearly	0.00680660235541
deadpool	yearly	0.00601142773542
migraine	yearly	0.00369273161548
selfimprovement	yearly	0.00565126442813
stlouisblues	yearly	0.00465071021392
chelseafc	yearly	0.0046445388707
SaltLakeCity	yearly	0.0048463956001
windows8	yearly	0.00689633087633
fifthworldproblems	yearly	0.00737874082898
indianapolis	yearly	0.00456157388233
knitting	yearly	0.00516958769893
borussiadortmund	yearly	0.00267993112467
AnimalsBeingJerks	yearly	0.0129104061768
KDRAMA	yearly	0.00244881266047
torontoraptors	yearly	0.00386830168156
BMW	yearly	0.00694433563953
catpictures	yearly	0.00657036366755
lacrosse	yearly	0.00330191161028
OutreachHPG	yearly	0.00350811619869
infertility	yearly	0.00243782347907
ArtistLounge	yearly	0.00290784480196
RedditDads	yearly	0.00290742881229
trance	yearly	0.0053371567128
chemistry	yearly	0.00724459294725
exjw	yearly	0.00398833754272
breastfeeding	yearly	0.00351243969829
Albany	yearly	0.00327759023139
Piracy	yearly	0.00760157809752
CCW	yearly	0.00773675739736
Porsche	yearly	0.00452755843733
OFWGKTA	yearly	0.00440986067969
SkyDiving	yearly	0.00370108694045
Magicdeckbuilding	yearly	0.00425443911161
losangeleskings	yearly	0.0042089657963
startups	yearly	0.00672538895294
gaybrosgonemild	yearly	0.00376319950309
carporn	yearly	0.0101271871627
TalesFromRetail	yearly	0.0116688707279
TrueReddit	yearly	0.0134724781744
CasualPokemonTrades	yearly	0.0034128928257
quityourbullshit	yearly	0.0136939491355
exmuslim	yearly	0.00497441221412
rangers	yearly	0.00501830568767
Fallout	yearly	0.010386819605
Catholicism	yearly	0.00603935610651
mycology	yearly	0.00648964343032
exmormon	yearly	0.00663770753857
NSFW_GIF	yearly	0.00885878588744
HomeNetworking	yearly	0.00485198888663
Harley	yearly	0.00419033171348
glasgow	yearly	0.00341333056887
BipolarReddit	yearly	0.00447236541716
jacksonville	yearly	0.00336217176479
RedPillWomen	yearly	0.00442315775582
ConfusedBoners	yearly	0.00786169960739
strife	yearly	0.00281251690939
UBC	yearly	0.00237239510034
csshelp	yearly	0.00551917906227
MTGLegacy	yearly	0.00261254176942
google	yearly	0.00933515855842
gardening	yearly	0.00952135644066
unitedkingdom	yearly	0.00963814845223
watercooling	yearly	0.00386480578498
circlebroke2	yearly	0.00527973590623
interestingasfuck	yearly	0.0141588036046
FeMRADebates	yearly	0.00450971392422
SFGiants	yearly	0.00560711379552
Warmachine	yearly	0.0029456041774
AMA	yearly	0.00963701211918
Albuquerque	yearly	0.00359599141017
DarkNetMarkets	yearly	0.00570856056075
religion	yearly	0.00608549347264
Gunsforsale	yearly	0.00481059434613
Enhancement	yearly	0.00972659734741
DeadBedrooms	yearly	0.00628160217721
nexus4	yearly	0.00634808383187
Economics	yearly	0.0105547135193
KingdomHearts	yearly	0.00496437166357
rccars	yearly	0.00363252753064
Flyers	yearly	0.00441318249776
lewronggeneration	yearly	0.0113578033293
roblox	yearly	0.00241579724381
Unity3D	yearly	0.00504628363038
Romania	yearly	0.00337666647855
calvinandhobbes	yearly	0.0091650154086
netflix	yearly	0.0102341901889
melbourne	yearly	0.00544335499697
Pmsforsale	yearly	0.00237144841651
ShitAmericansSay	yearly	0.00738477294502
intj	yearly	0.0067261413303
selfharm	yearly	0.00302589923322
subaru	yearly	0.00784146843001
RandomKindness	yearly	0.00691822921194
weddingplanning	yearly	0.00516315952894
slashdiablo	yearly	0.00240431849105
incremental_games	yearly	0.00503679211656
loseit	yearly	0.00963696929433
CrazyIdeas	yearly	0.0137258214367
TinyHouses	yearly	0.00839211387994
SquaredCircle	yearly	0.0072270826792
linux4noobs	yearly	0.00682119454412
mylittleandysonic1	yearly	0.00321954686563
sousvide	yearly	0.00364615389721
asstastic	yearly	0.00553902849665
iphone	yearly	0.0101989242548
BeardedDragons	yearly	0.00369657445536
Suomi	yearly	0.00289422566169
lockpicking	yearly	0.00653247340837
teslamotors	yearly	0.00772947210528
Cigarettes	yearly	0.00438644560387
gatech	yearly	0.002958635358
dirtypenpals	yearly	0.00313683945525
sailormoon	yearly	0.00397689525958
Switzerland	yearly	0.00344946669067
NoFap	yearly	0.00635479407414
Austin	yearly	0.00707635233043
ProgrammerHumor	yearly	0.00986581674266
bettafish	yearly	0.00415115902064
gonewild	yearly	0.00693211347803
pathofexile	yearly	0.0052056021322
infj	yearly	0.00430530376436
Pareidolia	yearly	0.0112201716257
forhire	yearly	0.00725951377661
windows	yearly	0.00878800703415
conlangs	yearly	0.00354397154558
civ	yearly	0.00976045064787
lookatmydog	yearly	0.00565051990969
RealEstate	yearly	0.00678480383759
infp	yearly	0.00447565694358
TrueAskReddit	yearly	0.0103301012292
engineering	yearly	0.00844521429077
ExploreFiction	yearly	0.00149669388229
CanadianForces	yearly	0.00289270731063
Seahawks	yearly	0.00736484060878
dirtykikpals	yearly	0.00236000319567
CivcraftExchange	yearly	0.00196963321425
workgonewild	yearly	0.00360601896386
tabletopgamedesign	yearly	0.00366793440373
Baking	yearly	0.00711700485353
socialanxiety	yearly	0.00592739301212
londonontario	yearly	0.0027764661865
ModernMagic	yearly	0.00315486861398
orangecounty	yearly	0.00514405390129
askcarsales	yearly	0.00602200268165
SketchDaily	yearly	0.00404640877891
dota2loungebets	yearly	0.00208126915294
urbanexploration	yearly	0.00931900238614
crossdressing	yearly	0.00359259382667
inthenews	yearly	0.00812277515095
BuyItForLife	yearly	0.0118558361635
syriancivilwar	yearly	0.00659457994343
Drifting	yearly	0.00438754068153
JoeRogan	yearly	0.00751308906296
AnimeFigures	yearly	0.00315657390234
picrequests	yearly	0.00749521792815
archlinux	yearly	0.00486631154397
GYBB	yearly	0.00217636966529
holdmybeer	yearly	0.0125900260259
FreeKarma	yearly	0.00569372053627
premed	yearly	0.00386213633429
seinfeld	yearly	0.00761106041648
dwarffortress	yearly	0.00704363235174
runescape	yearly	0.00534746882784
BasicIncome	yearly	0.00862936110343
tulsa	yearly	0.00338179533914
UpliftingNews	yearly	0.010906174802
3amjokes	yearly	0.00719401799889
reptiles	yearly	0.00484484757674
Charlotte	yearly	0.00398902710383
Edmonton	yearly	0.00440062784274
techsupportgore	yearly	0.0125819209413
Surface	yearly	0.00607764543167
CrappyDesign	yearly	0.0137022959481
Patriots	yearly	0.00694536835738
Cyberpunk	yearly	0.0106598533934
Libertarian	yearly	0.0115182460793
Seattle	yearly	0.00817978424594
Anarcho_Capitalism	yearly	0.00787874351689
Turkey	yearly	0.00372804783485
Paleo	yearly	0.00800553461035
EatCheapAndHealthy	yearly	0.0106690932596
gentlemanboners	yearly	0.0120967599344
stalker	yearly	0.0042232985236
biology	yearly	0.0072162253644
redditgetsdrawn	yearly	0.00790118141293
neopets	yearly	0.0040131573624
Naruto	yearly	0.00656429529853
Norway	yearly	0.00440693467761
depression	yearly	0.00833110817879
no_sob_story	yearly	0.00827121910791
chicago	yearly	0.00806716085093
falcons	yearly	0.00473728035535
Warthunder	yearly	0.00671621203559
DebateReligion	yearly	0.00772044794116
mindcrack	yearly	0.00539476679279
AfterEffects	yearly	0.0040803212452
AskNetsec	yearly	0.00463600904939
MotoG	yearly	0.0043642288876
AnimalCrossing	yearly	0.00634102321416
skrillex	yearly	0.00366087539488
Amateur	yearly	0.00621641093698
MotoX	yearly	0.00573921899669
pantsu	yearly	0.00286391759799
Equestrian	yearly	0.00262661231437
Ingress	yearly	0.00597048055733
tipofmypenis	yearly	0.00532498129399
survivor	yearly	0.00486091764763
DWMA	yearly	0.00118679475991
ShotBow	yearly	0.00198177972285
alaska	yearly	0.00424740836193
design_critiques	yearly	0.00553339365036
apple	yearly	0.0105137072594
Assistance	yearly	0.00696811358691
confession	yearly	0.0103739405897
KingOfTheHill	yearly	0.00731297569728
Firearms	yearly	0.00822268795564
festivals	yearly	0.00461055463233
singing	yearly	0.00436799742515
FifaCareers	yearly	0.00340468777329
graphic_design	yearly	0.00766746836997
eldertrees	yearly	0.0081752643376
AustralianMakeup	yearly	0.00236354538441
eagles	yearly	0.00610196272194
tipofmytongue	yearly	0.0107125263649
Denmark	yearly	0.00438175936249
opiates	yearly	0.00544376868563
parrots	yearly	0.00491919512104
LifeProTips	yearly	0.0122550972961
asoiaf	yearly	0.00937682777115
penis	yearly	0.00309069310494
AskMen	yearly	0.0112918677891
beermoney	yearly	0.00799202348227
findareddit	yearly	0.00987810455717
torrents	yearly	0.0082218136045
Birmingham	yearly	0.0033356311768
gundeals	yearly	0.00516497308425
ferrets	yearly	0.00406176690841
solotravel	yearly	0.00619219546236
ShitPoliticsSays	yearly	0.00477692637363
learnprogramming	yearly	0.00971915313655
TwoBestFriendsPlay	yearly	0.00443303891062
triangle	yearly	0.00463195985492
Ask_Politics	yearly	0.00666420482958
asktrp	yearly	0.00510228428995
netsec	yearly	0.00759868567338
Xcom	yearly	0.00592236388701
needadvice	yearly	0.00771580871889
CableManagement	yearly	0.00548126780595
playmindcrack	yearly	0.00265893095277
PickAnAndroidForMe	yearly	0.00552056482551
polandball	yearly	0.0108866736953
GiftofGames	yearly	0.00687371627081
kickstarter	yearly	0.00665244929145
highdeas	yearly	0.00608048071864
Nissan	yearly	0.00449547224371
wallpaper	yearly	0.0089288794989
Mommit	yearly	0.00438219420272
Images	yearly	0.00814487239965
paintball	yearly	0.00469428903844
FixedGearBicycle	yearly	0.0053606848812
CHIBears	yearly	0.006562405514
dating_advice	yearly	0.00702937163175
shroomers	yearly	0.00342510077032
software	yearly	0.00649940148826
cableporn	yearly	0.00827736912403
bartenders	yearly	0.00471456614382
houston	yearly	0.00656422618189
amiugly	yearly	0.00812309884588
electronic_cigarette	yearly	0.00800817312775
actuallesbians	yearly	0.0059499743763
Supernatural	yearly	0.00688485825189
spotify	yearly	0.00659820381319
BabyBumps	yearly	0.00529529788797
beards	yearly	0.010450927015
gaybros	yearly	0.00691602692197
pornfree	yearly	0.00409981903981
fantasybaseball	yearly	0.00475165922123
nostalgia	yearly	0.012087513222
pugs	yearly	0.00501582837066
HITsWorthTurkingFor	yearly	0.00472000258398
ruby	yearly	0.00409151900328
Gore	yearly	0.00785405340976
MensRights	yearly	0.0117299264559
YMS	yearly	0.0052659621106
LosAngeles	yearly	0.00872371054666
smallbusiness	yearly	0.00640059045157
Miami	yearly	0.00460337455748
DebateAnAtheist	yearly	0.00654543842808
reddevils	yearly	0.00537871689228
PlayStationPlus	yearly	0.00667347253974
tmobile	yearly	0.00627184720788
LiverpoolFC	yearly	0.00520217248517
tightdresses	yearly	0.00587080572059
nfl	yearly	0.00936079446296
PropagandaPosters	yearly	0.00964914558591
mashups	yearly	0.00708973245057
trap	yearly	0.00623343185301
minimalism	yearly	0.0113921817384
eu4	yearly	0.00524509776356
PJRP_Community	yearly	0.00139761709355
lfg	yearly	0.00443257049901
MakeNewFriendsHere	yearly	0.00416814893044
DoctorWhumour	yearly	0.0058875366042
Warhammer40k	yearly	0.00527132438976
serbia	yearly	0.00251457514662
Madden	yearly	0.00532418575929
opieandanthony	yearly	0.00552164843441
popping	yearly	0.00947358367671
entertainment	yearly	0.0101813207997
PKA	yearly	0.0048997312819
China	yearly	0.0061683835679
RoomPorn	yearly	0.0117328316462
Hotwife	yearly	0.00326209258601
memes	yearly	0.00765593148037
math	yearly	0.00843881660181
Brooklyn	yearly	0.0046013104094
whatcarshouldIbuy	yearly	0.00571143674096
AppalachianTrail	yearly	0.003660273707
conservatives	yearly	0.00441903960522
GamePhysics	yearly	0.0110240108021
pokemontrades	yearly	0.00364720862908
Buffalo	yearly	0.00445708456272
RedHotChiliPeppers	yearly	0.00406109721638
Firefighting	yearly	0.00420658053117
Borderlands	yearly	0.00733345916971
recipes	yearly	0.00909946896632
florida	yearly	0.00615705087881
Rainmeter	yearly	0.00672845752458
Planetside	yearly	0.00646459446229
49ers	yearly	0.00646717311758
resumes	yearly	0.00576809513444
gunpolitics	yearly	0.00549247706909
Bombing	yearly	0.0037612447384
dragonage	yearly	0.00638380607921
AsiansGoneWild	yearly	0.00516687318778
gonewildcurvy	yearly	0.00555037611783
CrossStitch	yearly	0.00390746639248
privacy	yearly	0.00847805883794
redditblack	yearly	0.00284654869427
classicalmusic	yearly	0.00722754219146
Awesomenauts	yearly	0.00352698510235
Frat	yearly	0.00464890032015
Disneyland	yearly	0.00423263102823
Indiemakeupandmore	yearly	0.00380688789459
Boobies	yearly	0.00684466287128
firefox	yearly	0.00714018133909
MuayThai	yearly	0.00359485218071
Sidehugs	yearly	0.00339086552438
Terraria	yearly	0.00650065225302
breakingmom	yearly	0.00374640201147
surfing	yearly	0.00489408650837
skyrim	yearly	0.0110023044472
InsideGaming	yearly	0.00338330108916
SRSGaming	yearly	0.00417974727395
ipad	yearly	0.00786240630368
thatHappened	yearly	0.0130937850159
sweden	yearly	0.00589745605708
Cartalk	yearly	0.00749720244809
ChronicPain	yearly	0.00431974559071
bisexual	yearly	0.00578652594309
urbanplanning	yearly	0.00514475253433
mflb	yearly	0.00552860091958
Aquariums	yearly	0.00785849900721
sysadmin	yearly	0.00915192848273
spicy	yearly	0.00746678634236
homelab	yearly	0.00576851799626
redsox	yearly	0.00563561895376
Nootropics	yearly	0.00696115694002
billiards	yearly	0.0035312514617
IAmA	yearly	0.00954347727334
bonnaroo	yearly	0.00433356847441
Reformed	yearly	0.00289095181265
slowcooking	yearly	0.0103349968336
UnresolvedMysteries	yearly	0.00813174933565
nonononoyes	yearly	0.0135888897284
FutureWhatIf	yearly	0.00748677614788
getdisciplined	yearly	0.00847346834136
badphilosophy	yearly	0.00566983807148
edmproduction	yearly	0.00623289188487
Trove	yearly	0.00235449165793
Games	yearly	0.0117089715763
hearthstone	yearly	0.00645729904803
Trucking	yearly	0.00354707994653
glitch_art	yearly	0.00795471355074
secretsanta	yearly	0.00879853272233
poppunkers	yearly	0.00518113139249
HailCorporate	yearly	0.0102415644025
painting	yearly	0.00448479570703
wow	yearly	0.00752874431165
IDAP	yearly	0.00570131407945
RandomActsOfGaming	yearly	0.00895474224704
redheads	yearly	0.0055526936633
Smite	yearly	0.00403161529238
photocritique	yearly	0.00675992963782
xbox360	yearly	0.00814301135681
PoliticalDiscussion	yearly	0.00983737635037
dbz	yearly	0.00765373254024
manchester	yearly	0.0034073197965
RandomActsofMakeup	yearly	0.00449081353634
TheBluePill	yearly	0.00853102433461
javahelp	yearly	0.00390519768105
learnmath	yearly	0.00579546939515
hugeboobs	yearly	0.00481423621146
blunderyears	yearly	0.0116333505924
bourbon	yearly	0.0062874722009
Welding	yearly	0.00557566960541
classiccars	yearly	0.00543509382868
buildapcsales	yearly	0.00880629062154
shutupandtakemymoney	yearly	0.0121362416525
Tulpas	yearly	0.00316161792222
photography	yearly	0.00963021564104
JusticePorn	yearly	0.0136788418854
smashbros	yearly	0.00775835507629
Fitness	yearly	0.00967309657291
magicTCG	yearly	0.00735026641726
powerlifting	yearly	0.00422037257827
hometheater	yearly	0.00729428236229
FIFA	yearly	0.00538255154003
europe	yearly	0.00988605072744
RATS	yearly	0.00478920583813
Justrolledintotheshop	yearly	0.0117930375828
korea	yearly	0.00538801493498
roosterteeth	yearly	0.00701880454772
skateboarding	yearly	0.00708840226585
CODZombies	yearly	0.0032579900735
Winnipeg	yearly	0.00384042505731
againstmensrights	yearly	0.00528862214195
TrueAnime	yearly	0.00308432026011
Marvel	yearly	0.00973638530214
truegaming	yearly	0.0116577880608
GameTrade	yearly	0.00300930618844
Blacksmith	yearly	0.00512188278521
AskCulinary	yearly	0.0092309779645
MonsterHunter	yearly	0.00498887103089
Republican	yearly	0.00568474888512
medicalschool	yearly	0.00431994401946
CollegeBasketball	yearly	0.00739808931848
nashville	yearly	0.00454409749587
battlefield3	yearly	0.00738084275864
tonightsdinner	yearly	0.00654958593462
facepalm	yearly	0.0135714155111
acturnips	yearly	0.00276264553556
NotTimAndEric	yearly	0.0092570131794
MaleFashionMarket	yearly	0.00347981479837
Roku	yearly	0.00541092457679
tf2trade	yearly	0.00445172641251
pinkfloyd	yearly	0.00628614383241
Harmontown	yearly	0.00390752578087
uhccourtroom	yearly	0.00143701149461
keto	yearly	0.00935081723252
Motocross	yearly	0.0031552469344
norge	yearly	0.0030533718287
Stretched	yearly	0.0033702639376
Design	yearly	0.00918787475063
Quebec	yearly	0.00396838418692
buildapc	yearly	0.00934315862987
ucf	yearly	0.00322400117268
incest	yearly	0.00396762906427
Music	yearly	0.00960068755866
startrek	yearly	0.0107958210307
rpg	yearly	0.00843290027458
oakland	yearly	0.00389458452793
3Dprinting	yearly	0.00732468381138
Homebrewing	yearly	0.00825659587657
TheWire	yearly	0.00616253881745
gopro	yearly	0.007126088214
HomeImprovement	yearly	0.00757605241466
itmejp	yearly	0.00260447497538
WTF	yearly	0.0101650511659
verizon	yearly	0.00486790954634
Wellington	yearly	0.00262306003131
Maplestory	yearly	0.0033931310351
IndieGaming	yearly	0.00782414478408
ravens	yearly	0.00549669605759
FullmetalAlchemist	yearly	0.00444497113507
minerapocalypse	yearly	0.00243027056328
pkmntcg	yearly	0.00283050993457
Neverwinter	yearly	0.00316753762809
podcasts	yearly	0.00523919321161
softwaregore	yearly	0.00896195336454
Needafriend	yearly	0.00509080461117
Vivillon	yearly	0.00186123657241
hoggit	yearly	0.00364503801025
hardware	yearly	0.00897957754233
Briggs	yearly	0.00201060190554
shorthairedhotties	yearly	0.0072250831581
finance	yearly	0.00632061099369
tattoo	yearly	0.00619760838262
education	yearly	0.00594390884538
productivity	yearly	0.00617793792899
transpassing	yearly	0.00464851774722
katawashoujo	yearly	0.00456003733057
Whatcouldgowrong	yearly	0.0137738670146
notinteresting	yearly	0.011455489014
birthcontrol	yearly	0.00354771186549
aggies	yearly	0.00354572481847
wargame	yearly	0.00364306769541
leangains	yearly	0.00490689119551
Teachers	yearly	0.00547516597301
MTB	yearly	0.00606895162808
24hoursupport	yearly	0.0052630065853
gratefuldead	yearly	0.00465186173744
diabetes	yearly	0.00463676670986
BurningMan	yearly	0.0046278581041
indonesia	yearly	0.00302025452528
HumanPorn	yearly	0.0112949349085
240sx	yearly	0.00304494827426
Fantasy	yearly	0.0083653471542
Sprint	yearly	0.0038504833551
audio	yearly	0.00491226777006
retrogaming	yearly	0.00604319829697
drawing	yearly	0.00757306867501
EmmaWatson	yearly	0.00779434441415
GifSound	yearly	0.00737154966057
FancyFollicles	yearly	0.00765957802643
AskSocialScience	yearly	0.00781071058702
ArtisanVideos	yearly	0.00983223314851
gaybears	yearly	0.00278266441973
masseffect	yearly	0.00872475588619
futurama	yearly	0.0110904712552
DirtySnapchat	yearly	0.00265790218783
flashlight	yearly	0.0044756225766
minnesotavikings	yearly	0.00570789224938
audioengineering	yearly	0.00740122002407
crappymusic	yearly	0.0065824465463
ReefTank	yearly	0.00384155096892
Diablo	yearly	0.00694392443645
androidthemes	yearly	0.00657273509948
aoe2	yearly	0.00469394746558
blackberry	yearly	0.00387047996675
bigboobproblems	yearly	0.00535590161101
cumsluts	yearly	0.00556366660886
howto	yearly	0.0104764772252
MosinNagant	yearly	0.00437913058267
cringepics	yearly	0.0129339014644
LinuxActionShow	yearly	0.00408176359511
thewalkingdead	yearly	0.0107352424558
dubai	yearly	0.00292820735205
lost	yearly	0.0062501420261
animegifs	yearly	0.00415394582521
Paranormal	yearly	0.00731220579278
GLRP_EastBlue	yearly	0.00107192621525
4chan	yearly	0.0128961357031
NHLHUT	yearly	0.00250916899581
LeagueOfMemes	yearly	0.00457102999451
MechanicalKeyboards	yearly	0.00939379616933
NYGiants	yearly	0.00535711269437
xboxone	yearly	0.00810695677169
GolfGTI	yearly	0.00351119685004
tumblr	yearly	0.0106680998322
burstingout	yearly	0.00507747679327
mathrock	yearly	0.00344158994904
halifax	yearly	0.00376099262918
batonrouge	yearly	0.00286624865389
Eugene	yearly	0.00330650717242
reloading	yearly	0.00387234425887
Coffee	yearly	0.00947282522145
heroesofthestorm	yearly	0.005276108574
canadaguns	yearly	0.00401756664732
SkincareAddiction	yearly	0.00797608792216
OSU	yearly	0.00347837633993
KansasCityChiefs	yearly	0.00471244334097
ACMilan	yearly	0.0021904702607
Hardcore	yearly	0.00407160960233
TagPro	yearly	0.0056446636612
starbound	yearly	0.0074626581792
blackpeoplegifs	yearly	0.0101081682767
CookieClicker	yearly	0.00514477801702
delusionalartists	yearly	0.0116162168732
StLouisRams	yearly	0.00420088533896
rotmgtradingpost	yearly	0.00145459246302
bayarea	yearly	0.00710707413568
worldbuilding	yearly	0.00847890547211
retrogameswap	yearly	0.00259663220016
sportsbook	yearly	0.00417825578431
DrugNerds	yearly	0.00523598719348
SolForge	yearly	0.00215964651808
GameDeals	yearly	0.0103224961046
battlestations	yearly	0.0107415470171
androidcirclejerk	yearly	0.00549511225925
paradoxplaza	yearly	0.00653506026797
CrohnsDisease	yearly	0.00409519100589
boltedontits	yearly	0.0045142165246
pussy	yearly	0.0038605957427
hiphopheads	yearly	0.00899647501655
Animesuggest	yearly	0.00625498406652
weather	yearly	0.00627312318163
Sneakers	yearly	0.00651537727332
Calgary	yearly	0.00512213417798
cs50	yearly	0.00338314274961
Damnthatsinteresting	yearly	0.012584764232
stocks	yearly	0.00585203170278
networking	yearly	0.00709513028846
weightroom	yearly	0.00668270767575
rct	yearly	0.00481366038259
MorbidReality	yearly	0.0127526169652
introvert	yearly	0.00863144374224
Portal	yearly	0.00631345407444
howardstern	yearly	0.00533247638991
MINI	yearly	0.00397871293118
tasker	yearly	0.00524560531709
gaymers	yearly	0.00595164092105
treesgonewild	yearly	0.00463969831388
Detroit	yearly	0.00599421957862
indiegameswap	yearly	0.00336429781292
HipHopImages	yearly	0.00628524943909
buffalobills	yearly	0.00490819960939
Metalcore	yearly	0.00573726775317
TEFL	yearly	0.00405823918186
memphis	yearly	0.00331491831585
whatsthisbird	yearly	0.00446223850467
MachineLearning	yearly	0.00374803884841
geocaching	yearly	0.00488569985927
randomsuperpowers	yearly	0.00194467299028
PercyJacksonRP	yearly	0.00183697788957
Civcraft	yearly	0.00419337367896
buffy	yearly	0.00536546999096
SSBPM	yearly	0.00484685226189
Dogtraining	yearly	0.00645695525391
bestofworldstar	yearly	0.00858086373695
autism	yearly	0.00430906194679
DAE	yearly	0.00739163860995
girlsinyogapants	yearly	0.00733709737663
DestinyTheGame	yearly	0.00654951516915
circlebroke	yearly	0.00942703078241
ImaginaryLandscapes	yearly	0.00806896225767
TheWayWeWere	yearly	0.00897324579174
DippingTobacco	yearly	0.00387104551464
badtattoos	yearly	0.00868287728316
GlobalOffensiveTrade	yearly	0.00348918897884
phish	yearly	0.00450450128537
raspberry_pi	yearly	0.00811465234822
quilting	yearly	0.00300160718092
SuicideWatch	yearly	0.00699185795515
cpp	yearly	0.00361242380818
Warhammer	yearly	0.00617510169125
bigdickproblems	yearly	0.00777168986666
nintendo	yearly	0.00845786241061
allthingszerg	yearly	0.00347654683789
TeraOnline	yearly	0.00324856550322
Starcitizen_trades	yearly	0.00241265762105
Dota2Trade	yearly	0.00296723152946
CannabisExtracts	yearly	0.00543326189177
GirlGamers	yearly	0.0079077402646
Whiskyporn	yearly	0.00327732445355
atheism	yearly	0.0115478410666
visualnovels	yearly	0.00385430150802
coys	yearly	0.00435169997998
Spanish	yearly	0.00460866938274
stopsmoking	yearly	0.00717132547772
MassiveCock	yearly	0.00346229689446
speedrun	yearly	0.00571381635262
oklahoma	yearly	0.00460525451042
GWNerdy	yearly	0.00492702242256
